{"initial_reset_timestamp": 1597331943.5155942, "timestamps": [1597332025.2312667], "episode_lengths": [10790], "episode_rewards": [-1000.0], "episode_types": ["t", "t"]}