{"initial_reset_timestamp": 1597185260.528699, "timestamps": [1597185352.2176576], "episode_lengths": [10790], "episode_rewards": [-1000.0], "episode_types": ["t", "t"]}